location,date,new_cases
Abra,2020-03-14,1
Abra,2020-03-15,0
Abra,2020-03-16,0
Abra,2020-03-17,0
Abra,2020-03-18,0
Abra,2020-03-19,0
Abra,2020-03-20,0
Abra,2020-03-21,0
Abra,2020-03-22,0
Abra,2020-03-23,0
Abra,2020-03-24,0
Abra,2020-03-25,0
Abra,2020-03-26,0
Abra,2020-03-27,0
Abra,2020-03-28,0
Abra,2020-03-29,0
Abra,2020-03-30,0
Abra,2020-03-31,0
Abra,2020-04-01,0
Abra,2020-04-02,1
Abra,2020-04-03,0
Abra,2020-04-04,0
Abra,2020-04-05,0
Abra,2020-04-06,1
Agusan del Norte,2020-04-08,1
Agusan del Norte,2020-04-09,0
Agusan del Norte,2020-04-10,0
Agusan del Norte,2020-04-11,0
Agusan del Norte,2020-04-12,0
Agusan del Norte,2020-04-13,0
Agusan del Norte,2020-04-14,0
Agusan del Norte,2020-04-15,0
Agusan del Norte,2020-04-16,0
Agusan del Norte,2020-04-17,0
Agusan del Norte,2020-04-18,0
Agusan del Norte,2020-04-19,1
Agusan del Norte,2020-04-20,0
Agusan del Norte,2020-04-21,0
Agusan del Norte,2020-04-22,0
Agusan del Norte,2020-04-23,1
Aklan,2020-03-28,3
Aklan,2020-03-29,0
Aklan,2020-03-30,0
Aklan,2020-03-31,0
Aklan,2020-04-01,0
Aklan,2020-04-02,0
Aklan,2020-04-03,2
Aklan,2020-04-04,0
Aklan,2020-04-05,0
Aklan,2020-04-06,0
Aklan,2020-04-07,0
Aklan,2020-04-08,0
Aklan,2020-04-09,0
Aklan,2020-04-10,1
Aklan,2020-04-11,0
Aklan,2020-04-12,0
Aklan,2020-04-13,0
Aklan,2020-04-14,0
Aklan,2020-04-15,0
Aklan,2020-04-16,0
Aklan,2020-04-17,0
Aklan,2020-04-18,0
Aklan,2020-04-19,0
Aklan,2020-04-20,0
Aklan,2020-04-21,0
Aklan,2020-04-22,0
Aklan,2020-04-23,0
Aklan,2020-04-24,0
Aklan,2020-04-25,0
Aklan,2020-04-26,0
Aklan,2020-04-27,0
Aklan,2020-04-28,0
Aklan,2020-04-29,0
Aklan,2020-04-30,0
Aklan,2020-05-01,0
Aklan,2020-05-02,0
Aklan,2020-05-03,0
Aklan,2020-05-04,0
Aklan,2020-05-05,0
Aklan,2020-05-06,1
Albay,2020-03-27,2
Albay,2020-03-28,0
Albay,2020-03-29,1
Albay,2020-03-30,0
Albay,2020-03-31,0
Albay,2020-04-01,1
Albay,2020-04-02,0
Albay,2020-04-03,4
Albay,2020-04-04,0
Albay,2020-04-05,0
Albay,2020-04-06,1
Albay,2020-04-07,0
Albay,2020-04-08,0
Albay,2020-04-09,0
Albay,2020-04-10,0
Albay,2020-04-11,1
Albay,2020-04-12,0
Albay,2020-04-13,1
Albay,2020-04-14,1
Albay,2020-04-15,1
Albay,2020-04-16,0
Albay,2020-04-17,0
Albay,2020-04-18,0
Albay,2020-04-19,0
Albay,2020-04-20,4
Albay,2020-04-21,0
Albay,2020-04-22,1
Albay,2020-04-23,5
Albay,2020-04-24,0
Albay,2020-04-25,1
Albay,2020-04-26,0
Albay,2020-04-27,0
Albay,2020-04-28,0
Albay,2020-04-29,0
Albay,2020-04-30,2
Albay,2020-05-01,3
Albay,2020-05-02,1
Albay,2020-05-03,0
Albay,2020-05-04,3
Albay,2020-05-05,0
Albay,2020-05-06,0
Albay,2020-05-07,3
Albay,2020-05-08,1
Albay,2020-05-09,1
Albay,2020-05-10,3
Albay,2020-05-11,0
Albay,2020-05-12,1
Albay,2020-05-13,0
Albay,2020-05-14,2
Antique,2020-04-10,2
Antique,2020-04-11,0
Antique,2020-04-12,0
Antique,2020-04-13,0
Antique,2020-04-14,0
Antique,2020-04-15,0
Antique,2020-04-16,0
Antique,2020-04-17,0
Antique,2020-04-18,3
Antique,2020-04-19,1
Antique,2020-04-20,3
Antique,2020-04-21,0
Antique,2020-04-22,0
Antique,2020-04-23,0
Antique,2020-04-24,0
Antique,2020-04-25,0
Antique,2020-04-26,0
Antique,2020-04-27,2
Antique,2020-04-28,0
Antique,2020-04-29,0
Antique,2020-04-30,1
Antique,2020-05-01,1
Antique,2020-05-02,0
Antique,2020-05-03,0
Antique,2020-05-04,0
Antique,2020-05-05,0
Antique,2020-05-06,1
Antique,2020-05-07,0
Antique,2020-05-08,0
Antique,2020-05-09,1
Antique,2020-05-10,0
Antique,2020-05-11,0
Antique,2020-05-12,2
Bataan,2020-03-13,1
Bataan,2020-03-14,0
Bataan,2020-03-15,0
Bataan,2020-03-16,0
Bataan,2020-03-17,0
Bataan,2020-03-18,0
Bataan,2020-03-19,0
Bataan,2020-03-20,0
Bataan,2020-03-21,1
Bataan,2020-03-22,0
Bataan,2020-03-23,0
Bataan,2020-03-24,1
Bataan,2020-03-25,0
Bataan,2020-03-26,0
Bataan,2020-03-27,0
Bataan,2020-03-28,3
Bataan,2020-03-29,0
Bataan,2020-03-30,1
Bataan,2020-03-31,2
Bataan,2020-04-01,0
Bataan,2020-04-02,2
Bataan,2020-04-03,4
Bataan,2020-04-04,0
Bataan,2020-04-05,2
Bataan,2020-04-06,3
Bataan,2020-04-07,1
Bataan,2020-04-08,0
Bataan,2020-04-09,1
Bataan,2020-04-10,0
Bataan,2020-04-11,1
Bataan,2020-04-12,2
Bataan,2020-04-13,9
Bataan,2020-04-14,1
Bataan,2020-04-15,2
Bataan,2020-04-16,18
Bataan,2020-04-17,18
Bataan,2020-04-18,1
Bataan,2020-04-19,0
Bataan,2020-04-20,1
Bataan,2020-04-21,0
Bataan,2020-04-22,0
Bataan,2020-04-23,0
Bataan,2020-04-24,0
Bataan,2020-04-25,0
Bataan,2020-04-26,1
Bataan,2020-04-27,0
Bataan,2020-04-28,0
Bataan,2020-04-29,1
Bataan,2020-04-30,0
Bataan,2020-05-01,0
Bataan,2020-05-02,0
Bataan,2020-05-03,0
Bataan,2020-05-04,0
Bataan,2020-05-05,4
Bataan,2020-05-06,0
Bataan,2020-05-07,2
Bataan,2020-05-08,0
Bataan,2020-05-09,0
Bataan,2020-05-10,0
Bataan,2020-05-11,1
Batangas,2020-03-11,1
Batangas,2020-03-12,1
Batangas,2020-03-13,0
Batangas,2020-03-14,2
Batangas,2020-03-15,0
Batangas,2020-03-16,0
Batangas,2020-03-17,1
Batangas,2020-03-18,0
Batangas,2020-03-19,0
Batangas,2020-03-20,0
Batangas,2020-03-21,1
Batangas,2020-03-22,2
Batangas,2020-03-23,0
Batangas,2020-03-24,1
Batangas,2020-03-25,0
Batangas,2020-03-26,0
Batangas,2020-03-27,1
Batangas,2020-03-28,6
Batangas,2020-03-29,2
Batangas,2020-03-30,1
Batangas,2020-03-31,6
Batangas,2020-04-01,3
Batangas,2020-04-02,4
Batangas,2020-04-03,6
Batangas,2020-04-04,0
Batangas,2020-04-05,2
Batangas,2020-04-06,11
Batangas,2020-04-07,3
Batangas,2020-04-08,3
Batangas,2020-04-09,3
Batangas,2020-04-10,2
Batangas,2020-04-11,1
Batangas,2020-04-12,3
Batangas,2020-04-13,3
Batangas,2020-04-14,4
Batangas,2020-04-15,3
Batangas,2020-04-16,1
Batangas,2020-04-17,0
Batangas,2020-04-18,2
Batangas,2020-04-19,2
Batangas,2020-04-20,0
Batangas,2020-04-21,0
Batangas,2020-04-22,1
Batangas,2020-04-23,2
Batangas,2020-04-24,0
Batangas,2020-04-25,1
Batangas,2020-04-26,3
Batangas,2020-04-27,3
Batangas,2020-04-28,0
Batangas,2020-04-29,1
Batangas,2020-04-30,0
Batangas,2020-05-01,2
Batangas,2020-05-02,1
Batangas,2020-05-03,3
Batangas,2020-05-04,12
Batangas,2020-05-05,0
Batangas,2020-05-06,3
Batangas,2020-05-07,0
Batangas,2020-05-08,0
Batangas,2020-05-09,0
Batangas,2020-05-10,0
Batangas,2020-05-11,7
Batangas,2020-05-12,0
Batangas,2020-05-13,4
Batangas,2020-05-14,6
Batangas,2020-05-15,7
Benguet,2020-03-23,1
Benguet,2020-03-24,0
Benguet,2020-03-25,0
Benguet,2020-03-26,1
Benguet,2020-03-27,0
Benguet,2020-03-28,0
Benguet,2020-03-29,3
Benguet,2020-03-30,4
Benguet,2020-03-31,2
Benguet,2020-04-01,0
Benguet,2020-04-02,0
Benguet,2020-04-03,0
Benguet,2020-04-04,0
Benguet,2020-04-05,0
Benguet,2020-04-06,4
Benguet,2020-04-07,0
Benguet,2020-04-08,0
Benguet,2020-04-09,1
Benguet,2020-04-10,0
Benguet,2020-04-11,1
Benguet,2020-04-12,0
Benguet,2020-04-13,2
Benguet,2020-04-14,0
Benguet,2020-04-15,1
Benguet,2020-04-16,1
Benguet,2020-04-17,0
Benguet,2020-04-18,0
Benguet,2020-04-19,0
Benguet,2020-04-20,0
Benguet,2020-04-21,1
Benguet,2020-04-22,0
Benguet,2020-04-23,0
Benguet,2020-04-24,0
Benguet,2020-04-25,2
Benguet,2020-04-26,7
Benguet,2020-04-27,6
Benguet,2020-04-28,1
Benguet,2020-04-29,0
Benguet,2020-04-30,0
Benguet,2020-05-01,0
Benguet,2020-05-02,0
Benguet,2020-05-03,0
Benguet,2020-05-04,0
Benguet,2020-05-05,0
Benguet,2020-05-06,0
Benguet,2020-05-07,0
Benguet,2020-05-08,0
Benguet,2020-05-09,0
Benguet,2020-05-10,0
Benguet,2020-05-11,0
Benguet,2020-05-12,1
Benguet,2020-05-13,1
Bohol,2020-02-05,1
Bukidnon,2020-04-10,1
Bulacan,2020-03-09,1
Bulacan,2020-03-10,0
Bulacan,2020-03-11,0
Bulacan,2020-03-12,0
Bulacan,2020-03-13,0
Bulacan,2020-03-14,1
Bulacan,2020-03-15,1
Bulacan,2020-03-16,0
Bulacan,2020-03-17,1
Bulacan,2020-03-18,0
Bulacan,2020-03-19,0
Bulacan,2020-03-20,0
Bulacan,2020-03-21,2
Bulacan,2020-03-22,1
Bulacan,2020-03-23,6
Bulacan,2020-03-24,0
Bulacan,2020-03-25,0
Bulacan,2020-03-26,0
Bulacan,2020-03-27,1
Bulacan,2020-03-28,7
Bulacan,2020-03-29,3
Bulacan,2020-03-30,1
Bulacan,2020-03-31,8
Bulacan,2020-04-01,3
Bulacan,2020-04-02,7
Bulacan,2020-04-03,6
Bulacan,2020-04-04,1
Bulacan,2020-04-05,4
Bulacan,2020-04-06,6
Bulacan,2020-04-07,0
Bulacan,2020-04-08,1
Bulacan,2020-04-09,7
Bulacan,2020-04-10,4
Bulacan,2020-04-11,4
Bulacan,2020-04-12,5
Bulacan,2020-04-13,4
Bulacan,2020-04-14,7
Bulacan,2020-04-15,3
Bulacan,2020-04-16,2
Bulacan,2020-04-17,3
Bulacan,2020-04-18,2
Bulacan,2020-04-19,1
Bulacan,2020-04-20,2
Bulacan,2020-04-21,0
Bulacan,2020-04-22,1
Bulacan,2020-04-23,2
Bulacan,2020-04-24,1
Bulacan,2020-04-25,0
Bulacan,2020-04-26,3
Bulacan,2020-04-27,2
Bulacan,2020-04-28,2
Bulacan,2020-04-29,7
Bulacan,2020-04-30,1
Bulacan,2020-05-01,0
Bulacan,2020-05-02,0
Bulacan,2020-05-03,2
Bulacan,2020-05-04,2
Bulacan,2020-05-05,0
Bulacan,2020-05-06,1
Bulacan,2020-05-07,2
Bulacan,2020-05-08,0
Bulacan,2020-05-09,0
Bulacan,2020-05-10,1
Bulacan,2020-05-11,4
Bulacan,2020-05-12,0
Bulacan,2020-05-13,0
Bulacan,2020-05-14,3
Bulacan,2020-05-15,2
Cagayan,2020-03-21,1
Cagayan,2020-03-22,0
Cagayan,2020-03-23,0
Cagayan,2020-03-24,0
Cagayan,2020-03-25,0
Cagayan,2020-03-26,2
Cagayan,2020-03-27,0
Cagayan,2020-03-28,3
Cagayan,2020-03-29,2
Cagayan,2020-03-30,0
Cagayan,2020-03-31,0
Cagayan,2020-04-01,2
Cagayan,2020-04-02,0
Cagayan,2020-04-03,1
Cagayan,2020-04-04,0
Cagayan,2020-04-05,1
Cagayan,2020-04-06,0
Cagayan,2020-04-07,1
Cagayan,2020-04-08,1
Cagayan,2020-04-09,0
Cagayan,2020-04-10,0
Cagayan,2020-04-11,0
Cagayan,2020-04-12,0
Cagayan,2020-04-13,0
Cagayan,2020-04-14,0
Cagayan,2020-04-15,0
Cagayan,2020-04-16,0
Cagayan,2020-04-17,0
Cagayan,2020-04-18,0
Cagayan,2020-04-19,0
Cagayan,2020-04-20,0
Cagayan,2020-04-21,0
Cagayan,2020-04-22,0
Cagayan,2020-04-23,0
Cagayan,2020-04-24,0
Cagayan,2020-04-25,0
Cagayan,2020-04-26,0
Cagayan,2020-04-27,0
Cagayan,2020-04-28,1
Cagayan,2020-04-29,0
Cagayan,2020-04-30,0
Cagayan,2020-05-01,2
Camarines Norte,2020-05-12,1
Camarines Sur,2020-03-10,1
Camarines Sur,2020-03-11,0
Camarines Sur,2020-03-12,0
Camarines Sur,2020-03-13,0
Camarines Sur,2020-03-14,0
Camarines Sur,2020-03-15,0
Camarines Sur,2020-03-16,0
Camarines Sur,2020-03-17,0
Camarines Sur,2020-03-18,0
Camarines Sur,2020-03-19,0
Camarines Sur,2020-03-20,0
Camarines Sur,2020-03-21,0
Camarines Sur,2020-03-22,0
Camarines Sur,2020-03-23,0
Camarines Sur,2020-03-24,0
Camarines Sur,2020-03-25,0
Camarines Sur,2020-03-26,0
Camarines Sur,2020-03-27,1
Camarines Sur,2020-03-28,0
Camarines Sur,2020-03-29,0
Camarines Sur,2020-03-30,0
Camarines Sur,2020-03-31,0
Camarines Sur,2020-04-01,1
Camarines Sur,2020-04-02,1
Camarines Sur,2020-04-03,0
Camarines Sur,2020-04-04,0
Camarines Sur,2020-04-05,0
Camarines Sur,2020-04-06,2
Camarines Sur,2020-04-07,1
Camarines Sur,2020-04-08,0
Camarines Sur,2020-04-09,0
Camarines Sur,2020-04-10,0
Camarines Sur,2020-04-11,0
Camarines Sur,2020-04-12,0
Camarines Sur,2020-04-13,0
Camarines Sur,2020-04-14,0
Camarines Sur,2020-04-15,0
Camarines Sur,2020-04-16,0
Camarines Sur,2020-04-17,0
Camarines Sur,2020-04-18,0
Camarines Sur,2020-04-19,0
Camarines Sur,2020-04-20,0
Camarines Sur,2020-04-21,0
Camarines Sur,2020-04-22,1
Camarines Sur,2020-04-23,1
Camarines Sur,2020-04-24,0
Camarines Sur,2020-04-25,0
Camarines Sur,2020-04-26,0
Camarines Sur,2020-04-27,0
Camarines Sur,2020-04-28,0
Camarines Sur,2020-04-29,0
Camarines Sur,2020-04-30,1
Camarines Sur,2020-05-01,0
Camarines Sur,2020-05-02,0
Camarines Sur,2020-05-03,0
Camarines Sur,2020-05-04,0
Camarines Sur,2020-05-05,0
Camarines Sur,2020-05-06,0
Camarines Sur,2020-05-07,0
Camarines Sur,2020-05-08,0
Camarines Sur,2020-05-09,0
Camarines Sur,2020-05-10,1
Camarines Sur,2020-05-11,0
Camarines Sur,2020-05-12,1
Camarines Sur,2020-05-13,0
Camarines Sur,2020-05-14,0
Camarines Sur,2020-05-15,1
Camiguin,2020-04-07,1
Capiz,2020-03-25,1
Capiz,2020-03-26,0
Capiz,2020-03-27,0
Capiz,2020-03-28,0
Capiz,2020-03-29,0
Capiz,2020-03-30,0
Capiz,2020-03-31,0
Capiz,2020-04-01,0
Capiz,2020-04-02,2
Capiz,2020-04-03,0
Capiz,2020-04-04,0
Capiz,2020-04-05,0
Capiz,2020-04-06,0
Capiz,2020-04-07,0
Capiz,2020-04-08,0
Capiz,2020-04-09,0
Capiz,2020-04-10,1
Capiz,2020-04-11,0
Capiz,2020-04-12,0
Capiz,2020-04-13,0
Capiz,2020-04-14,0
Capiz,2020-04-15,0
Capiz,2020-04-16,0
Capiz,2020-04-17,1
Catanduanes,2020-04-20,1
Cavite,2020-03-09,1
Cavite,2020-03-10,0
Cavite,2020-03-11,0
Cavite,2020-03-12,0
Cavite,2020-03-13,0
Cavite,2020-03-14,2
Cavite,2020-03-15,2
Cavite,2020-03-16,0
Cavite,2020-03-17,2
Cavite,2020-03-18,1
Cavite,2020-03-19,0
Cavite,2020-03-20,0
Cavite,2020-03-21,3
Cavite,2020-03-22,1
Cavite,2020-03-23,4
Cavite,2020-03-24,2
Cavite,2020-03-25,2
Cavite,2020-03-26,3
Cavite,2020-03-27,3
Cavite,2020-03-28,13
Cavite,2020-03-29,8
Cavite,2020-03-30,2
Cavite,2020-03-31,19
Cavite,2020-04-01,8
Cavite,2020-04-02,10
Cavite,2020-04-03,11
Cavite,2020-04-04,3
Cavite,2020-04-05,2
Cavite,2020-04-06,16
Cavite,2020-04-07,5
Cavite,2020-04-08,2
Cavite,2020-04-09,8
Cavite,2020-04-10,4
Cavite,2020-04-11,16
Cavite,2020-04-12,8
Cavite,2020-04-13,10
Cavite,2020-04-14,5
Cavite,2020-04-15,7
Cavite,2020-04-16,13
Cavite,2020-04-17,3
Cavite,2020-04-18,14
Cavite,2020-04-19,6
Cavite,2020-04-20,1
Cavite,2020-04-21,1
Cavite,2020-04-22,1
Cavite,2020-04-23,3
Cavite,2020-04-24,12
Cavite,2020-04-25,2
Cavite,2020-04-26,14
Cavite,2020-04-27,3
Cavite,2020-04-28,1
Cavite,2020-04-29,19
Cavite,2020-04-30,3
Cavite,2020-05-01,2
Cavite,2020-05-02,1
Cavite,2020-05-03,2
Cavite,2020-05-04,2
Cavite,2020-05-05,2
Cavite,2020-05-06,1
Cavite,2020-05-07,3
Cavite,2020-05-08,1
Cavite,2020-05-09,1
Cavite,2020-05-10,1
Cavite,2020-05-11,5
Cavite,2020-05-12,3
Cavite,2020-05-13,2
Cavite,2020-05-14,2
Cavite,2020-05-15,1
Cebu,2020-03-18,1
Cebu,2020-03-19,0
Cebu,2020-03-20,0
Cebu,2020-03-21,0
Cebu,2020-03-22,0
Cebu,2020-03-23,0
Cebu,2020-03-24,0
Cebu,2020-03-25,0
Cebu,2020-03-26,0
Cebu,2020-03-27,0
Cebu,2020-03-28,0
Cebu,2020-03-29,0
Cebu,2020-03-30,0
Cebu,2020-03-31,24
Cebu,2020-04-01,1
Cebu,2020-04-02,4
Cebu,2020-04-03,0
Cebu,2020-04-04,0
Cebu,2020-04-05,0
Cebu,2020-04-06,2
Cebu,2020-04-07,0
Cebu,2020-04-08,0
Cebu,2020-04-09,0
Cebu,2020-04-10,1
Cebu,2020-04-11,0
Cebu,2020-04-12,2
Cebu,2020-04-13,0
Cebu,2020-04-14,0
Cebu,2020-04-15,7
Cebu,2020-04-16,21
Cebu,2020-04-17,27
Cebu,2020-04-18,2
Cebu,2020-04-19,18
Cebu,2020-04-20,27
Cebu,2020-04-21,52
Cebu,2020-04-22,13
Cebu,2020-04-23,142
Cebu,2020-04-24,22
Cebu,2020-04-25,31
Cebu,2020-04-26,64
Cebu,2020-04-27,39
Cebu,2020-04-28,32
Cebu,2020-04-29,3
Cebu,2020-04-30,107
Cebu,2020-05-01,131
Cebu,2020-05-02,93
Cebu,2020-05-03,120
Cebu,2020-05-04,88
Cebu,2020-05-05,2
Cebu,2020-05-06,103
Cebu,2020-05-07,205
Cebu,2020-05-08,36
Cebu,2020-05-09,17
Cebu,2020-05-10,76
Cebu,2020-05-11,79
Cebu,2020-05-12,74
Cebu,2020-05-13,59
Cebu,2020-05-14,16
Cebu,2020-05-15,1
Compostela Valley,2020-03-15,1
Compostela Valley,2020-03-16,0
Compostela Valley,2020-03-17,0
Compostela Valley,2020-03-18,0
Compostela Valley,2020-03-19,0
Compostela Valley,2020-03-20,0
Compostela Valley,2020-03-21,0
Compostela Valley,2020-03-22,0
Compostela Valley,2020-03-23,0
Compostela Valley,2020-03-24,0
Compostela Valley,2020-03-25,0
Compostela Valley,2020-03-26,0
Compostela Valley,2020-03-27,0
Compostela Valley,2020-03-28,0
Compostela Valley,2020-03-29,0
Compostela Valley,2020-03-30,0
Compostela Valley,2020-03-31,0
Compostela Valley,2020-04-01,0
Compostela Valley,2020-04-02,0
Compostela Valley,2020-04-03,0
Compostela Valley,2020-04-04,0
Compostela Valley,2020-04-05,0
Compostela Valley,2020-04-06,0
Compostela Valley,2020-04-07,0
Compostela Valley,2020-04-08,1
Davao Occidental,2020-05-06,1
Davao Oriental,2020-03-30,2
Davao Oriental,2020-03-31,0
Davao Oriental,2020-04-01,1
Davao del Norte,2020-03-30,3
Davao del Norte,2020-03-31,1
Davao del Norte,2020-04-01,3
Davao del Norte,2020-04-02,0
Davao del Norte,2020-04-03,0
Davao del Norte,2020-04-04,0
Davao del Norte,2020-04-05,3
Davao del Norte,2020-04-06,0
Davao del Norte,2020-04-07,0
Davao del Norte,2020-04-08,0
Davao del Norte,2020-04-09,1
Davao del Norte,2020-04-10,0
Davao del Norte,2020-04-11,0
Davao del Norte,2020-04-12,0
Davao del Norte,2020-04-13,0
Davao del Norte,2020-04-14,0
Davao del Norte,2020-04-15,0
Davao del Norte,2020-04-16,0
Davao del Norte,2020-04-17,0
Davao del Norte,2020-04-18,0
Davao del Norte,2020-04-19,0
Davao del Norte,2020-04-20,0
Davao del Norte,2020-04-21,0
Davao del Norte,2020-04-22,0
Davao del Norte,2020-04-23,0
Davao del Norte,2020-04-24,0
Davao del Norte,2020-04-25,0
Davao del Norte,2020-04-26,0
Davao del Norte,2020-04-27,0
Davao del Norte,2020-04-28,0
Davao del Norte,2020-04-29,0
Davao del Norte,2020-04-30,0
Davao del Norte,2020-05-01,0
Davao del Norte,2020-05-02,0
Davao del Norte,2020-05-03,1
Davao del Sur,2020-03-21,2
Davao del Sur,2020-03-22,0
Davao del Sur,2020-03-23,2
Davao del Sur,2020-03-24,0
Davao del Sur,2020-03-25,0
Davao del Sur,2020-03-26,0
Davao del Sur,2020-03-27,1
Davao del Sur,2020-03-28,2
Davao del Sur,2020-03-29,16
Davao del Sur,2020-03-30,18
Davao del Sur,2020-03-31,0
Davao del Sur,2020-04-01,9
Davao del Sur,2020-04-02,0
Davao del Sur,2020-04-03,2
Davao del Sur,2020-04-04,6
Davao del Sur,2020-04-05,6
Davao del Sur,2020-04-06,0
Davao del Sur,2020-04-07,4
Davao del Sur,2020-04-08,2
Davao del Sur,2020-04-09,2
Davao del Sur,2020-04-10,0
Davao del Sur,2020-04-11,0
Davao del Sur,2020-04-12,0
Davao del Sur,2020-04-13,0
Davao del Sur,2020-04-14,3
Davao del Sur,2020-04-15,3
Davao del Sur,2020-04-16,2
Davao del Sur,2020-04-17,2
Davao del Sur,2020-04-18,3
Davao del Sur,2020-04-19,0
Davao del Sur,2020-04-20,6
Davao del Sur,2020-04-21,3
Davao del Sur,2020-04-22,5
Davao del Sur,2020-04-23,1
Davao del Sur,2020-04-24,0
Davao del Sur,2020-04-25,1
Davao del Sur,2020-04-26,5
Davao del Sur,2020-04-27,0
Davao del Sur,2020-04-28,6
Davao del Sur,2020-04-29,3
Davao del Sur,2020-04-30,0
Davao del Sur,2020-05-01,0
Davao del Sur,2020-05-02,0
Davao del Sur,2020-05-03,11
Davao del Sur,2020-05-04,1
Davao del Sur,2020-05-05,0
Davao del Sur,2020-05-06,11
Davao del Sur,2020-05-07,6
Davao del Sur,2020-05-08,1
Davao del Sur,2020-05-09,9
Davao del Sur,2020-05-10,0
Davao del Sur,2020-05-11,0
Davao del Sur,2020-05-12,0
Davao del Sur,2020-05-13,0
Davao del Sur,2020-05-14,7
Davao del Sur,2020-05-15,12
Guimaras,2020-05-03,1
Guimaras,2020-05-04,0
Guimaras,2020-05-05,0
Guimaras,2020-05-06,0
Guimaras,2020-05-07,1
Ifugao,2020-04-26,1
Ifugao,2020-04-27,0
Ifugao,2020-04-28,0
Ifugao,2020-04-29,0
Ifugao,2020-04-30,0
Ifugao,2020-05-01,0
Ifugao,2020-05-02,0
Ifugao,2020-05-03,0
Ifugao,2020-05-04,0
Ifugao,2020-05-05,0
Ifugao,2020-05-06,0
Ifugao,2020-05-07,0
Ifugao,2020-05-08,0
Ifugao,2020-05-09,0
Ifugao,2020-05-10,0
Ifugao,2020-05-11,0
Ifugao,2020-05-12,0
Ifugao,2020-05-13,1
Ilocos Norte,2020-04-02,2
Ilocos Norte,2020-04-03,1
Ilocos Sur,2020-03-31,1
Iloilo,2020-03-21,1
Iloilo,2020-03-22,0
Iloilo,2020-03-23,0
Iloilo,2020-03-24,0
Iloilo,2020-03-25,1
Iloilo,2020-03-26,0
Iloilo,2020-03-27,1
Iloilo,2020-03-28,2
Iloilo,2020-03-29,1
Iloilo,2020-03-30,0
Iloilo,2020-03-31,1
Iloilo,2020-04-01,0
Iloilo,2020-04-02,0
Iloilo,2020-04-03,1
Iloilo,2020-04-04,5
Iloilo,2020-04-05,0
Iloilo,2020-04-06,0
Iloilo,2020-04-07,0
Iloilo,2020-04-08,0
Iloilo,2020-04-09,0
Iloilo,2020-04-10,5
Iloilo,2020-04-11,0
Iloilo,2020-04-12,0
Iloilo,2020-04-13,1
Iloilo,2020-04-14,0
Iloilo,2020-04-15,0
Iloilo,2020-04-16,0
Iloilo,2020-04-17,1
Iloilo,2020-04-18,3
Iloilo,2020-04-19,0
Iloilo,2020-04-20,0
Iloilo,2020-04-21,0
Iloilo,2020-04-22,0
Iloilo,2020-04-23,0
Iloilo,2020-04-24,0
Iloilo,2020-04-25,0
Iloilo,2020-04-26,1
Iloilo,2020-04-27,1
Iloilo,2020-04-28,1
Iloilo,2020-04-29,0
Iloilo,2020-04-30,0
Iloilo,2020-05-01,1
Iloilo,2020-05-02,0
Iloilo,2020-05-03,3
Iloilo,2020-05-04,2
Iloilo,2020-05-05,0
Iloilo,2020-05-06,6
Iloilo,2020-05-07,1
Iloilo,2020-05-08,0
Iloilo,2020-05-09,3
Iloilo,2020-05-10,0
Iloilo,2020-05-11,0
Iloilo,2020-05-12,3
Iloilo,2020-05-13,0
Iloilo,2020-05-14,1
Isabela,2020-03-27,1
Isabela,2020-03-28,3
Isabela,2020-03-29,0
Isabela,2020-03-30,0
Isabela,2020-03-31,0
Isabela,2020-04-01,1
Isabela,2020-04-02,0
Isabela,2020-04-03,0
Isabela,2020-04-04,0
Isabela,2020-04-05,0
Isabela,2020-04-06,0
Isabela,2020-04-07,0
Isabela,2020-04-08,0
Isabela,2020-04-09,1
Isabela,2020-04-10,0
Isabela,2020-04-11,1
Isabela,2020-04-12,0
Isabela,2020-04-13,1
Isabela,2020-04-14,0
Isabela,2020-04-15,0
Isabela,2020-04-16,0
Isabela,2020-04-17,0
Isabela,2020-04-18,0
Isabela,2020-04-19,0
Isabela,2020-04-20,0
Isabela,2020-04-21,0
Isabela,2020-04-22,0
Isabela,2020-04-23,0
Isabela,2020-04-24,0
Isabela,2020-04-25,1
La Union,2020-03-21,2
La Union,2020-03-22,0
La Union,2020-03-23,0
La Union,2020-03-24,0
La Union,2020-03-25,0
La Union,2020-03-26,0
La Union,2020-03-27,0
La Union,2020-03-28,0
La Union,2020-03-29,0
La Union,2020-03-30,1
La Union,2020-03-31,0
La Union,2020-04-01,1
La Union,2020-04-02,7
La Union,2020-04-03,0
La Union,2020-04-04,0
La Union,2020-04-05,0
La Union,2020-04-06,0
La Union,2020-04-07,0
La Union,2020-04-08,0
La Union,2020-04-09,0
La Union,2020-04-10,2
La Union,2020-04-11,0
La Union,2020-04-12,0
La Union,2020-04-13,1
La Union,2020-04-14,0
La Union,2020-04-15,0
La Union,2020-04-16,0
La Union,2020-04-17,0
La Union,2020-04-18,0
La Union,2020-04-19,0
La Union,2020-04-20,0
La Union,2020-04-21,0
La Union,2020-04-22,0
La Union,2020-04-23,0
La Union,2020-04-24,1
La Union,2020-04-25,2
Laguna,2020-03-14,1
Laguna,2020-03-15,0
Laguna,2020-03-16,0
Laguna,2020-03-17,0
Laguna,2020-03-18,0
Laguna,2020-03-19,0
Laguna,2020-03-20,0
Laguna,2020-03-21,0
Laguna,2020-03-22,5
Laguna,2020-03-23,1
Laguna,2020-03-24,4
Laguna,2020-03-25,1
Laguna,2020-03-26,3
Laguna,2020-03-27,3
Laguna,2020-03-28,6
Laguna,2020-03-29,6
Laguna,2020-03-30,2
Laguna,2020-03-31,19
Laguna,2020-04-01,11
Laguna,2020-04-02,6
Laguna,2020-04-03,11
Laguna,2020-04-04,1
Laguna,2020-04-05,3
Laguna,2020-04-06,17
Laguna,2020-04-07,17
Laguna,2020-04-08,9
Laguna,2020-04-09,7
Laguna,2020-04-10,7
Laguna,2020-04-11,12
Laguna,2020-04-12,18
Laguna,2020-04-13,28
Laguna,2020-04-14,12
Laguna,2020-04-15,10
Laguna,2020-04-16,13
Laguna,2020-04-17,7
Laguna,2020-04-18,29
Laguna,2020-04-19,6
Laguna,2020-04-20,11
Laguna,2020-04-21,3
Laguna,2020-04-22,4
Laguna,2020-04-23,3
Laguna,2020-04-24,5
Laguna,2020-04-25,1
Laguna,2020-04-26,10
Laguna,2020-04-27,2
Laguna,2020-04-28,0
Laguna,2020-04-29,9
Laguna,2020-04-30,3
Laguna,2020-05-01,2
Laguna,2020-05-02,5
Laguna,2020-05-03,1
Laguna,2020-05-04,9
Laguna,2020-05-05,15
Laguna,2020-05-06,5
Laguna,2020-05-07,0
Laguna,2020-05-08,0
Laguna,2020-05-09,1
Laguna,2020-05-10,1
Laguna,2020-05-11,13
Laguna,2020-05-12,3
Laguna,2020-05-13,5
Laguna,2020-05-14,0
Laguna,2020-05-15,6
Lanao del Norte,2020-03-24,1
Lanao del Norte,2020-03-25,0
Lanao del Norte,2020-03-26,0
Lanao del Norte,2020-03-27,0
Lanao del Norte,2020-03-28,0
Lanao del Norte,2020-03-29,0
Lanao del Norte,2020-03-30,1
Lanao del Norte,2020-03-31,0
Lanao del Norte,2020-04-01,0
Lanao del Norte,2020-04-02,0
Lanao del Norte,2020-04-03,3
Lanao del Norte,2020-04-04,0
Lanao del Norte,2020-04-05,0
Lanao del Norte,2020-04-06,0
Lanao del Norte,2020-04-07,0
Lanao del Norte,2020-04-08,0
Lanao del Norte,2020-04-09,0
Lanao del Norte,2020-04-10,0
Lanao del Norte,2020-04-11,0
Lanao del Norte,2020-04-12,0
Lanao del Norte,2020-04-13,0
Lanao del Norte,2020-04-14,0
Lanao del Norte,2020-04-15,0
Lanao del Norte,2020-04-16,0
Lanao del Norte,2020-04-17,0
Lanao del Norte,2020-04-18,0
Lanao del Norte,2020-04-19,0
Lanao del Norte,2020-04-20,0
Lanao del Norte,2020-04-21,0
Lanao del Norte,2020-04-22,0
Lanao del Norte,2020-04-23,0
Lanao del Norte,2020-04-24,0
Lanao del Norte,2020-04-25,0
Lanao del Norte,2020-04-26,0
Lanao del Norte,2020-04-27,0
Lanao del Norte,2020-04-28,0
Lanao del Norte,2020-04-29,0
Lanao del Norte,2020-04-30,0
Lanao del Norte,2020-05-01,0
Lanao del Norte,2020-05-02,0
Lanao del Norte,2020-05-03,0
Lanao del Norte,2020-05-04,0
Lanao del Norte,2020-05-05,0
Lanao del Norte,2020-05-06,0
Lanao del Norte,2020-05-07,0
Lanao del Norte,2020-05-08,0
Lanao del Norte,2020-05-09,0
Lanao del Norte,2020-05-10,0
Lanao del Norte,2020-05-11,0
Lanao del Norte,2020-05-12,0
Lanao del Norte,2020-05-13,0
Lanao del Norte,2020-05-14,1
Lanao del Sur,2020-03-18,1
Lanao del Sur,2020-03-19,0
Lanao del Sur,2020-03-20,0
Lanao del Sur,2020-03-21,0
Lanao del Sur,2020-03-22,0
Lanao del Sur,2020-03-23,0
Lanao del Sur,2020-03-24,2
Lanao del Sur,2020-03-25,1
Lanao del Sur,2020-03-26,0
Lanao del Sur,2020-03-27,0
Lanao del Sur,2020-03-28,0
Lanao del Sur,2020-03-29,0
Lanao del Sur,2020-03-30,2
Lanao del Sur,2020-03-31,0
Lanao del Sur,2020-04-01,0
Lanao del Sur,2020-04-02,0
Lanao del Sur,2020-04-03,0
Lanao del Sur,2020-04-04,0
Lanao del Sur,2020-04-05,1
Lanao del Sur,2020-04-06,0
Lanao del Sur,2020-04-07,0
Lanao del Sur,2020-04-08,0
Lanao del Sur,2020-04-09,0
Lanao del Sur,2020-04-10,0
Lanao del Sur,2020-04-11,0
Lanao del Sur,2020-04-12,0
Lanao del Sur,2020-04-13,0
Lanao del Sur,2020-04-14,0
Lanao del Sur,2020-04-15,0
Lanao del Sur,2020-04-16,0
Lanao del Sur,2020-04-17,0
Lanao del Sur,2020-04-18,0
Lanao del Sur,2020-04-19,0
Lanao del Sur,2020-04-20,1
Lanao del Sur,2020-04-21,0
Lanao del Sur,2020-04-22,0
Lanao del Sur,2020-04-23,0
Lanao del Sur,2020-04-24,1
Leyte,2020-04-17,1
Leyte,2020-04-18,0
Leyte,2020-04-19,0
Leyte,2020-04-20,0
Leyte,2020-04-21,0
Leyte,2020-04-22,0
Leyte,2020-04-23,0
Leyte,2020-04-24,0
Leyte,2020-04-25,1
Maguindanao,2020-03-17,1
Maguindanao,2020-03-18,0
Maguindanao,2020-03-19,0
Maguindanao,2020-03-20,0
Maguindanao,2020-03-21,0
Maguindanao,2020-03-22,0
Maguindanao,2020-03-23,0
Maguindanao,2020-03-24,0
Maguindanao,2020-03-25,1
Maguindanao,2020-03-26,0
Maguindanao,2020-03-27,0
Maguindanao,2020-03-28,0
Maguindanao,2020-03-29,0
Maguindanao,2020-03-30,0
Maguindanao,2020-03-31,0
Maguindanao,2020-04-01,2
Maguindanao,2020-04-02,0
Maguindanao,2020-04-03,0
Maguindanao,2020-04-04,0
Maguindanao,2020-04-05,0
Maguindanao,2020-04-06,1
Maguindanao,2020-04-07,1
Maguindanao,2020-04-08,1
Marinduque,2020-03-25,1
Marinduque,2020-03-26,0
Marinduque,2020-03-27,0
Marinduque,2020-03-28,0
Marinduque,2020-03-29,0
Marinduque,2020-03-30,0
Marinduque,2020-03-31,2
Marinduque,2020-04-01,0
Marinduque,2020-04-02,1
Marinduque,2020-04-03,0
Marinduque,2020-04-04,0
Marinduque,2020-04-05,0
Marinduque,2020-04-06,0
Marinduque,2020-04-07,0
Marinduque,2020-04-08,0
Marinduque,2020-04-09,0
Marinduque,2020-04-10,0
Marinduque,2020-04-11,0
Marinduque,2020-04-12,0
Marinduque,2020-04-13,0
Marinduque,2020-04-14,0
Marinduque,2020-04-15,0
Marinduque,2020-04-16,0
Marinduque,2020-04-17,0
Marinduque,2020-04-18,0
Marinduque,2020-04-19,0
Marinduque,2020-04-20,0
Marinduque,2020-04-21,0
Marinduque,2020-04-22,0
Marinduque,2020-04-23,0
Marinduque,2020-04-24,0
Marinduque,2020-04-25,0
Marinduque,2020-04-26,2
Metropolitan Manila,2020-03-06,1
Metropolitan Manila,2020-03-07,0
Metropolitan Manila,2020-03-08,4
Metropolitan Manila,2020-03-09,12
Metropolitan Manila,2020-03-10,7
Metropolitan Manila,2020-03-11,13
Metropolitan Manila,2020-03-12,2
Metropolitan Manila,2020-03-13,9
Metropolitan Manila,2020-03-14,36
Metropolitan Manila,2020-03-15,23
Metropolitan Manila,2020-03-16,2
Metropolitan Manila,2020-03-17,38
Metropolitan Manila,2020-03-18,11
Metropolitan Manila,2020-03-19,13
Metropolitan Manila,2020-03-20,13
Metropolitan Manila,2020-03-21,57
Metropolitan Manila,2020-03-22,57
Metropolitan Manila,2020-03-23,64
Metropolitan Manila,2020-03-24,71
Metropolitan Manila,2020-03-25,62
Metropolitan Manila,2020-03-26,45
Metropolitan Manila,2020-03-27,76
Metropolitan Manila,2020-03-28,190
Metropolitan Manila,2020-03-29,259
Metropolitan Manila,2020-03-30,69
Metropolitan Manila,2020-03-31,399
Metropolitan Manila,2020-04-01,158
Metropolitan Manila,2020-04-02,222
Metropolitan Manila,2020-04-03,264
Metropolitan Manila,2020-04-04,43
Metropolitan Manila,2020-04-05,97
Metropolitan Manila,2020-04-06,306
Metropolitan Manila,2020-04-07,59
Metropolitan Manila,2020-04-08,73
Metropolitan Manila,2020-04-09,155
Metropolitan Manila,2020-04-10,68
Metropolitan Manila,2020-04-11,160
Metropolitan Manila,2020-04-12,134
Metropolitan Manila,2020-04-13,188
Metropolitan Manila,2020-04-14,192
Metropolitan Manila,2020-04-15,170
Metropolitan Manila,2020-04-16,116
Metropolitan Manila,2020-04-17,135
Metropolitan Manila,2020-04-18,140
Metropolitan Manila,2020-04-19,118
Metropolitan Manila,2020-04-20,115
Metropolitan Manila,2020-04-21,66
Metropolitan Manila,2020-04-22,58
Metropolitan Manila,2020-04-23,86
Metropolitan Manila,2020-04-24,105
Metropolitan Manila,2020-04-25,42
Metropolitan Manila,2020-04-26,150
Metropolitan Manila,2020-04-27,119
Metropolitan Manila,2020-04-28,112
Metropolitan Manila,2020-04-29,179
Metropolitan Manila,2020-04-30,117
Metropolitan Manila,2020-05-01,116
Metropolitan Manila,2020-05-02,48
Metropolitan Manila,2020-05-03,96
Metropolitan Manila,2020-05-04,92
Metropolitan Manila,2020-05-05,160
Metropolitan Manila,2020-05-06,81
Metropolitan Manila,2020-05-07,54
Metropolitan Manila,2020-05-08,52
Metropolitan Manila,2020-05-09,87
Metropolitan Manila,2020-05-10,71
Metropolitan Manila,2020-05-11,155
Metropolitan Manila,2020-05-12,128
Metropolitan Manila,2020-05-13,80
Metropolitan Manila,2020-05-14,109
Metropolitan Manila,2020-05-15,64
Misamis Occidental,2020-04-03,1
Misamis Occidental,2020-04-04,0
Misamis Occidental,2020-04-05,0
Misamis Occidental,2020-04-06,0
Misamis Occidental,2020-04-07,0
Misamis Occidental,2020-04-08,0
Misamis Occidental,2020-04-09,0
Misamis Occidental,2020-04-10,1
Misamis Occidental,2020-04-11,0
Misamis Occidental,2020-04-12,0
Misamis Occidental,2020-04-13,0
Misamis Occidental,2020-04-14,0
Misamis Occidental,2020-04-15,0
Misamis Occidental,2020-04-16,0
Misamis Occidental,2020-04-17,0
Misamis Occidental,2020-04-18,0
Misamis Occidental,2020-04-19,0
Misamis Occidental,2020-04-20,0
Misamis Occidental,2020-04-21,0
Misamis Occidental,2020-04-22,0
Misamis Occidental,2020-04-23,0
Misamis Occidental,2020-04-24,0
Misamis Occidental,2020-04-25,0
Misamis Occidental,2020-04-26,0
Misamis Occidental,2020-04-27,0
Misamis Occidental,2020-04-28,0
Misamis Occidental,2020-04-29,0
Misamis Occidental,2020-04-30,1
Misamis Occidental,2020-05-01,0
Misamis Occidental,2020-05-02,0
Misamis Occidental,2020-05-03,0
Misamis Occidental,2020-05-04,0
Misamis Occidental,2020-05-05,1
Misamis Occidental,2020-05-06,0
Misamis Occidental,2020-05-07,1
Misamis Oriental,2020-03-25,1
Misamis Oriental,2020-03-26,0
Misamis Oriental,2020-03-27,0
Misamis Oriental,2020-03-28,0
Misamis Oriental,2020-03-29,0
Misamis Oriental,2020-03-30,0
Misamis Oriental,2020-03-31,0
Misamis Oriental,2020-04-01,0
Misamis Oriental,2020-04-02,0
Misamis Oriental,2020-04-03,0
Misamis Oriental,2020-04-04,0
Misamis Oriental,2020-04-05,0
Misamis Oriental,2020-04-06,0
Misamis Oriental,2020-04-07,0
Misamis Oriental,2020-04-08,0
Misamis Oriental,2020-04-09,0
Misamis Oriental,2020-04-10,1
Misamis Oriental,2020-04-11,0
Misamis Oriental,2020-04-12,0
Misamis Oriental,2020-04-13,0
Misamis Oriental,2020-04-14,0
Misamis Oriental,2020-04-15,0
Misamis Oriental,2020-04-16,0
Misamis Oriental,2020-04-17,0
Misamis Oriental,2020-04-18,0
Misamis Oriental,2020-04-19,0
Misamis Oriental,2020-04-20,0
Misamis Oriental,2020-04-21,0
Misamis Oriental,2020-04-22,0
Misamis Oriental,2020-04-23,1
Misamis Oriental,2020-04-24,0
Misamis Oriental,2020-04-25,0
Misamis Oriental,2020-04-26,0
Misamis Oriental,2020-04-27,0
Misamis Oriental,2020-04-28,0
Misamis Oriental,2020-04-29,0
Misamis Oriental,2020-04-30,0
Misamis Oriental,2020-05-01,0
Misamis Oriental,2020-05-02,0
Misamis Oriental,2020-05-03,1
Misamis Oriental,2020-05-04,0
Misamis Oriental,2020-05-05,0
Misamis Oriental,2020-05-06,0
Misamis Oriental,2020-05-07,1
Misamis Oriental,2020-05-08,2
Misamis Oriental,2020-05-09,0
Misamis Oriental,2020-05-10,0
Misamis Oriental,2020-05-11,0
Misamis Oriental,2020-05-12,0
Misamis Oriental,2020-05-13,0
Misamis Oriental,2020-05-14,1
Negros Occidental,2020-03-21,1
Negros Occidental,2020-03-22,0
Negros Occidental,2020-03-23,0
Negros Occidental,2020-03-24,0
Negros Occidental,2020-03-25,0
Negros Occidental,2020-03-26,0
Negros Occidental,2020-03-27,2
Negros Occidental,2020-03-28,1
Negros Occidental,2020-03-29,3
Negros Occidental,2020-03-30,0
Negros Occidental,2020-03-31,0
Negros Occidental,2020-04-01,0
Negros Occidental,2020-04-02,0
Negros Occidental,2020-04-03,1
Negros Occidental,2020-04-04,1
Negros Occidental,2020-04-05,0
Negros Occidental,2020-04-06,0
Negros Occidental,2020-04-07,0
Negros Occidental,2020-04-08,0
Negros Occidental,2020-04-09,0
Negros Occidental,2020-04-10,0
Negros Occidental,2020-04-11,0
Negros Occidental,2020-04-12,1
Negros Occidental,2020-04-13,0
Negros Occidental,2020-04-14,0
Negros Occidental,2020-04-15,0
Negros Occidental,2020-04-16,0
Negros Occidental,2020-04-17,0
Negros Occidental,2020-04-18,0
Negros Occidental,2020-04-19,0
Negros Occidental,2020-04-20,0
Negros Occidental,2020-04-21,0
Negros Occidental,2020-04-22,2
Negros Occidental,2020-04-23,0
Negros Occidental,2020-04-24,2
Negros Occidental,2020-04-25,0
Negros Occidental,2020-04-26,0
Negros Occidental,2020-04-27,1
Negros Occidental,2020-04-28,0
Negros Occidental,2020-04-29,0
Negros Occidental,2020-04-30,0
Negros Occidental,2020-05-01,0
Negros Occidental,2020-05-02,0
Negros Occidental,2020-05-03,0
Negros Occidental,2020-05-04,0
Negros Occidental,2020-05-05,0
Negros Occidental,2020-05-06,0
Negros Occidental,2020-05-07,0
Negros Occidental,2020-05-08,0
Negros Occidental,2020-05-09,4
Negros Occidental,2020-05-10,0
Negros Occidental,2020-05-11,1
Negros Occidental,2020-05-12,0
Negros Occidental,2020-05-13,0
Negros Occidental,2020-05-14,4
Negros Occidental,2020-05-15,1
Negros Oriental,2020-01-30,1
Negros Oriental,2020-01-31,0
Negros Oriental,2020-02-01,0
Negros Oriental,2020-02-02,0
Negros Oriental,2020-02-03,1
Negros Oriental,2020-02-04,0
Negros Oriental,2020-02-05,0
Negros Oriental,2020-02-06,0
Negros Oriental,2020-02-07,0
Negros Oriental,2020-02-08,0
Negros Oriental,2020-02-09,0
Negros Oriental,2020-02-10,0
Negros Oriental,2020-02-11,0
Negros Oriental,2020-02-12,0
Negros Oriental,2020-02-13,0
Negros Oriental,2020-02-14,0
Negros Oriental,2020-02-15,0
Negros Oriental,2020-02-16,0
Negros Oriental,2020-02-17,0
Negros Oriental,2020-02-18,0
Negros Oriental,2020-02-19,0
Negros Oriental,2020-02-20,0
Negros Oriental,2020-02-21,0
Negros Oriental,2020-02-22,0
Negros Oriental,2020-02-23,0
Negros Oriental,2020-02-24,0
Negros Oriental,2020-02-25,0
Negros Oriental,2020-02-26,0
Negros Oriental,2020-02-27,0
Negros Oriental,2020-02-28,0
Negros Oriental,2020-02-29,0
Negros Oriental,2020-03-01,0
Negros Oriental,2020-03-02,0
Negros Oriental,2020-03-03,0
Negros Oriental,2020-03-04,0
Negros Oriental,2020-03-05,0
Negros Oriental,2020-03-06,0
Negros Oriental,2020-03-07,0
Negros Oriental,2020-03-08,0
Negros Oriental,2020-03-09,0
Negros Oriental,2020-03-10,1
Negros Oriental,2020-03-11,1
Negros Oriental,2020-03-12,0
Negros Oriental,2020-03-13,0
Negros Oriental,2020-03-14,0
Negros Oriental,2020-03-15,0
Negros Oriental,2020-03-16,0
Negros Oriental,2020-03-17,0
Negros Oriental,2020-03-18,0
Negros Oriental,2020-03-19,0
Negros Oriental,2020-03-20,0
Negros Oriental,2020-03-21,0
Negros Oriental,2020-03-22,0
Negros Oriental,2020-03-23,0
Negros Oriental,2020-03-24,0
Negros Oriental,2020-03-25,0
Negros Oriental,2020-03-26,0
Negros Oriental,2020-03-27,0
Negros Oriental,2020-03-28,0
Negros Oriental,2020-03-29,0
Negros Oriental,2020-03-30,0
Negros Oriental,2020-03-31,3
North Cotabato,2020-04-06,1
North Cotabato,2020-04-07,1
North Cotabato,2020-04-08,0
North Cotabato,2020-04-09,1
Northern Samar,2020-03-24,1
Nueva Ecija,2020-03-21,2
Nueva Ecija,2020-03-22,0
Nueva Ecija,2020-03-23,0
Nueva Ecija,2020-03-24,1
Nueva Ecija,2020-03-25,0
Nueva Ecija,2020-03-26,3
Nueva Ecija,2020-03-27,0
Nueva Ecija,2020-03-28,2
Nueva Ecija,2020-03-29,4
Nueva Ecija,2020-03-30,0
Nueva Ecija,2020-03-31,5
Nueva Ecija,2020-04-01,0
Nueva Ecija,2020-04-02,6
Nueva Ecija,2020-04-03,2
Nueva Ecija,2020-04-04,1
Nueva Ecija,2020-04-05,1
Nueva Ecija,2020-04-06,1
Nueva Ecija,2020-04-07,2
Nueva Ecija,2020-04-08,0
Nueva Ecija,2020-04-09,2
Nueva Ecija,2020-04-10,1
Nueva Ecija,2020-04-11,1
Nueva Ecija,2020-04-12,0
Nueva Ecija,2020-04-13,5
Nueva Ecija,2020-04-14,6
Nueva Ecija,2020-04-15,0
Nueva Ecija,2020-04-16,0
Nueva Ecija,2020-04-17,0
Nueva Ecija,2020-04-18,0
Nueva Ecija,2020-04-19,1
Nueva Ecija,2020-04-20,0
Nueva Ecija,2020-04-21,0
Nueva Ecija,2020-04-22,0
Nueva Ecija,2020-04-23,0
Nueva Ecija,2020-04-24,0
Nueva Ecija,2020-04-25,0
Nueva Ecija,2020-04-26,0
Nueva Ecija,2020-04-27,0
Nueva Ecija,2020-04-28,0
Nueva Ecija,2020-04-29,2
Nueva Ecija,2020-04-30,0
Nueva Ecija,2020-05-01,0
Nueva Ecija,2020-05-02,0
Nueva Ecija,2020-05-03,0
Nueva Ecija,2020-05-04,0
Nueva Ecija,2020-05-05,0
Nueva Ecija,2020-05-06,0
Nueva Ecija,2020-05-07,0
Nueva Ecija,2020-05-08,0
Nueva Ecija,2020-05-09,0
Nueva Ecija,2020-05-10,0
Nueva Ecija,2020-05-11,1
Nueva Vizcaya,2020-03-27,1
Nueva Vizcaya,2020-03-28,0
Nueva Vizcaya,2020-03-29,2
Nueva Vizcaya,2020-03-30,0
Nueva Vizcaya,2020-03-31,0
Nueva Vizcaya,2020-04-01,0
Nueva Vizcaya,2020-04-02,2
Nueva Vizcaya,2020-04-03,0
Nueva Vizcaya,2020-04-04,0
Nueva Vizcaya,2020-04-05,0
Nueva Vizcaya,2020-04-06,0
Nueva Vizcaya,2020-04-07,0
Nueva Vizcaya,2020-04-08,0
Nueva Vizcaya,2020-04-09,0
Nueva Vizcaya,2020-04-10,0
Nueva Vizcaya,2020-04-11,0
Nueva Vizcaya,2020-04-12,0
Nueva Vizcaya,2020-04-13,0
Nueva Vizcaya,2020-04-14,0
Nueva Vizcaya,2020-04-15,0
Nueva Vizcaya,2020-04-16,0
Nueva Vizcaya,2020-04-17,0
Nueva Vizcaya,2020-04-18,0
Nueva Vizcaya,2020-04-19,0
Nueva Vizcaya,2020-04-20,0
Nueva Vizcaya,2020-04-21,0
Nueva Vizcaya,2020-04-22,0
Nueva Vizcaya,2020-04-23,0
Nueva Vizcaya,2020-04-24,0
Nueva Vizcaya,2020-04-25,1
Nueva Vizcaya,2020-04-26,0
Nueva Vizcaya,2020-04-27,0
Nueva Vizcaya,2020-04-28,0
Nueva Vizcaya,2020-04-29,0
Nueva Vizcaya,2020-04-30,0
Nueva Vizcaya,2020-05-01,1
Occidental Mindoro,2020-03-28,1
Occidental Mindoro,2020-03-29,0
Occidental Mindoro,2020-03-30,0
Occidental Mindoro,2020-03-31,1
Occidental Mindoro,2020-04-01,0
Occidental Mindoro,2020-04-02,0
Occidental Mindoro,2020-04-03,0
Occidental Mindoro,2020-04-04,0
Occidental Mindoro,2020-04-05,0
Occidental Mindoro,2020-04-06,0
Occidental Mindoro,2020-04-07,0
Occidental Mindoro,2020-04-08,0
Occidental Mindoro,2020-04-09,0
Occidental Mindoro,2020-04-10,0
Occidental Mindoro,2020-04-11,0
Occidental Mindoro,2020-04-12,0
Occidental Mindoro,2020-04-13,0
Occidental Mindoro,2020-04-14,0
Occidental Mindoro,2020-04-15,0
Occidental Mindoro,2020-04-16,0
Occidental Mindoro,2020-04-17,0
Occidental Mindoro,2020-04-18,0
Occidental Mindoro,2020-04-19,0
Occidental Mindoro,2020-04-20,0
Occidental Mindoro,2020-04-21,0
Occidental Mindoro,2020-04-22,0
Occidental Mindoro,2020-04-23,1
Occidental Mindoro,2020-04-24,0
Occidental Mindoro,2020-04-25,0
Occidental Mindoro,2020-04-26,0
Occidental Mindoro,2020-04-27,1
Occidental Mindoro,2020-04-28,0
Occidental Mindoro,2020-04-29,0
Occidental Mindoro,2020-04-30,0
Occidental Mindoro,2020-05-01,1
Occidental Mindoro,2020-05-02,0
Occidental Mindoro,2020-05-03,0
Occidental Mindoro,2020-05-04,0
Occidental Mindoro,2020-05-05,0
Occidental Mindoro,2020-05-06,0
Occidental Mindoro,2020-05-07,0
Occidental Mindoro,2020-05-08,0
Occidental Mindoro,2020-05-09,0
Occidental Mindoro,2020-05-10,0
Occidental Mindoro,2020-05-11,0
Occidental Mindoro,2020-05-12,1
Oriental Mindoro,2020-03-28,1
Oriental Mindoro,2020-03-29,0
Oriental Mindoro,2020-03-30,0
Oriental Mindoro,2020-03-31,0
Oriental Mindoro,2020-04-01,0
Oriental Mindoro,2020-04-02,0
Oriental Mindoro,2020-04-03,0
Oriental Mindoro,2020-04-04,0
Oriental Mindoro,2020-04-05,0
Oriental Mindoro,2020-04-06,0
Oriental Mindoro,2020-04-07,0
Oriental Mindoro,2020-04-08,0
Oriental Mindoro,2020-04-09,1
Oriental Mindoro,2020-04-10,0
Oriental Mindoro,2020-04-11,0
Oriental Mindoro,2020-04-12,4
Oriental Mindoro,2020-04-13,0
Oriental Mindoro,2020-04-14,0
Oriental Mindoro,2020-04-15,0
Oriental Mindoro,2020-04-16,0
Oriental Mindoro,2020-04-17,0
Oriental Mindoro,2020-04-18,0
Oriental Mindoro,2020-04-19,0
Oriental Mindoro,2020-04-20,0
Oriental Mindoro,2020-04-21,0
Oriental Mindoro,2020-04-22,0
Oriental Mindoro,2020-04-23,0
Oriental Mindoro,2020-04-24,0
Oriental Mindoro,2020-04-25,0
Oriental Mindoro,2020-04-26,0
Oriental Mindoro,2020-04-27,1
Oriental Mindoro,2020-04-28,0
Oriental Mindoro,2020-04-29,0
Oriental Mindoro,2020-04-30,0
Oriental Mindoro,2020-05-01,0
Oriental Mindoro,2020-05-02,0
Oriental Mindoro,2020-05-03,1
Oriental Mindoro,2020-05-04,0
Oriental Mindoro,2020-05-05,0
Oriental Mindoro,2020-05-06,4
Oriental Mindoro,2020-05-07,0
Oriental Mindoro,2020-05-08,0
Oriental Mindoro,2020-05-09,0
Oriental Mindoro,2020-05-10,0
Oriental Mindoro,2020-05-11,0
Oriental Mindoro,2020-05-12,5
Oriental Mindoro,2020-05-13,1
Oriental Mindoro,2020-05-14,1
Palawan,2020-03-21,1
Palawan,2020-03-22,0
Palawan,2020-03-23,0
Palawan,2020-03-24,0
Palawan,2020-03-25,0
Palawan,2020-03-26,0
Palawan,2020-03-27,0
Palawan,2020-03-28,0
Palawan,2020-03-29,0
Palawan,2020-03-30,0
Palawan,2020-03-31,0
Palawan,2020-04-01,0
Palawan,2020-04-02,0
Palawan,2020-04-03,0
Palawan,2020-04-04,0
Palawan,2020-04-05,0
Palawan,2020-04-06,0
Palawan,2020-04-07,0
Palawan,2020-04-08,0
Palawan,2020-04-09,0
Palawan,2020-04-10,0
Palawan,2020-04-11,0
Palawan,2020-04-12,0
Palawan,2020-04-13,0
Palawan,2020-04-14,0
Palawan,2020-04-15,0
Palawan,2020-04-16,0
Palawan,2020-04-17,0
Palawan,2020-04-18,0
Palawan,2020-04-19,0
Palawan,2020-04-20,0
Palawan,2020-04-21,0
Palawan,2020-04-22,0
Palawan,2020-04-23,0
Palawan,2020-04-24,0
Palawan,2020-04-25,0
Palawan,2020-04-26,1
Pampanga,2020-03-13,1
Pampanga,2020-03-14,2
Pampanga,2020-03-15,0
Pampanga,2020-03-16,0
Pampanga,2020-03-17,0
Pampanga,2020-03-18,0
Pampanga,2020-03-19,0
Pampanga,2020-03-20,0
Pampanga,2020-03-21,0
Pampanga,2020-03-22,0
Pampanga,2020-03-23,0
Pampanga,2020-03-24,0
Pampanga,2020-03-25,1
Pampanga,2020-03-26,1
Pampanga,2020-03-27,0
Pampanga,2020-03-28,1
Pampanga,2020-03-29,4
Pampanga,2020-03-30,0
Pampanga,2020-03-31,4
Pampanga,2020-04-01,5
Pampanga,2020-04-02,2
Pampanga,2020-04-03,6
Pampanga,2020-04-04,0
Pampanga,2020-04-05,0
Pampanga,2020-04-06,3
Pampanga,2020-04-07,0
Pampanga,2020-04-08,1
Pampanga,2020-04-09,3
Pampanga,2020-04-10,0
Pampanga,2020-04-11,8
Pampanga,2020-04-12,0
Pampanga,2020-04-13,2
Pampanga,2020-04-14,7
Pampanga,2020-04-15,1
Pampanga,2020-04-16,4
Pampanga,2020-04-17,1
Pampanga,2020-04-18,0
Pampanga,2020-04-19,1
Pampanga,2020-04-20,0
Pampanga,2020-04-21,1
Pampanga,2020-04-22,0
Pampanga,2020-04-23,0
Pampanga,2020-04-24,0
Pampanga,2020-04-25,0
Pampanga,2020-04-26,0
Pampanga,2020-04-27,1
Pampanga,2020-04-28,0
Pampanga,2020-04-29,1
Pampanga,2020-04-30,0
Pampanga,2020-05-01,1
Pampanga,2020-05-02,0
Pampanga,2020-05-03,0
Pampanga,2020-05-04,0
Pampanga,2020-05-05,0
Pampanga,2020-05-06,5
Pampanga,2020-05-07,0
Pampanga,2020-05-08,0
Pampanga,2020-05-09,0
Pampanga,2020-05-10,0
Pampanga,2020-05-11,0
Pampanga,2020-05-12,0
Pampanga,2020-05-13,0
Pampanga,2020-05-14,0
Pampanga,2020-05-15,4
Pangasinan,2020-03-26,3
Pangasinan,2020-03-27,4
Pangasinan,2020-03-28,1
Pangasinan,2020-03-29,2
Pangasinan,2020-03-30,1
Pangasinan,2020-03-31,4
Pangasinan,2020-04-01,1
Pangasinan,2020-04-02,7
Pangasinan,2020-04-03,1
Pangasinan,2020-04-04,1
Pangasinan,2020-04-05,0
Pangasinan,2020-04-06,1
Pangasinan,2020-04-07,0
Pangasinan,2020-04-08,0
Pangasinan,2020-04-09,0
Pangasinan,2020-04-10,6
Pangasinan,2020-04-11,1
Pangasinan,2020-04-12,0
Pangasinan,2020-04-13,2
Pangasinan,2020-04-14,0
Pangasinan,2020-04-15,0
Pangasinan,2020-04-16,0
Pangasinan,2020-04-17,0
Pangasinan,2020-04-18,0
Pangasinan,2020-04-19,0
Pangasinan,2020-04-20,0
Pangasinan,2020-04-21,0
Pangasinan,2020-04-22,0
Pangasinan,2020-04-23,0
Pangasinan,2020-04-24,0
Pangasinan,2020-04-25,4
Pangasinan,2020-04-26,0
Pangasinan,2020-04-27,0
Pangasinan,2020-04-28,0
Pangasinan,2020-04-29,0
Pangasinan,2020-04-30,1
Quezon,2020-03-14,1
Quezon,2020-03-15,0
Quezon,2020-03-16,0
Quezon,2020-03-17,0
Quezon,2020-03-18,0
Quezon,2020-03-19,0
Quezon,2020-03-20,0
Quezon,2020-03-21,0
Quezon,2020-03-22,0
Quezon,2020-03-23,0
Quezon,2020-03-24,2
Quezon,2020-03-25,0
Quezon,2020-03-26,0
Quezon,2020-03-27,0
Quezon,2020-03-28,0
Quezon,2020-03-29,2
Quezon,2020-03-30,1
Quezon,2020-03-31,3
Quezon,2020-04-01,1
Quezon,2020-04-02,0
Quezon,2020-04-03,1
Quezon,2020-04-04,0
Quezon,2020-04-05,0
Quezon,2020-04-06,2
Quezon,2020-04-07,0
Quezon,2020-04-08,2
Quezon,2020-04-09,5
Quezon,2020-04-10,0
Quezon,2020-04-11,3
Quezon,2020-04-12,2
Quezon,2020-04-13,3
Quezon,2020-04-14,10
Quezon,2020-04-15,3
Quezon,2020-04-16,3
Quezon,2020-04-17,6
Quezon,2020-04-18,0
Quezon,2020-04-19,0
Quezon,2020-04-20,1
Quezon,2020-04-21,0
Quezon,2020-04-22,1
Quezon,2020-04-23,3
Quezon,2020-04-24,0
Quezon,2020-04-25,0
Quezon,2020-04-26,0
Quezon,2020-04-27,0
Quezon,2020-04-28,0
Quezon,2020-04-29,5
Quezon,2020-04-30,0
Quezon,2020-05-01,1
Quezon,2020-05-02,1
Quezon,2020-05-03,1
Quezon,2020-05-04,0
Quezon,2020-05-05,2
Quezon,2020-05-06,0
Quezon,2020-05-07,0
Quezon,2020-05-08,0
Quezon,2020-05-09,0
Quezon,2020-05-10,0
Quezon,2020-05-11,1
Quezon,2020-05-12,0
Quezon,2020-05-13,2
Quezon,2020-05-14,2
Quezon,2020-05-15,3
Rizal,2020-03-06,1
Rizal,2020-03-07,1
Rizal,2020-03-08,0
Rizal,2020-03-09,0
Rizal,2020-03-10,0
Rizal,2020-03-11,1
Rizal,2020-03-12,0
Rizal,2020-03-13,1
Rizal,2020-03-14,1
Rizal,2020-03-15,2
Rizal,2020-03-16,0
Rizal,2020-03-17,2
Rizal,2020-03-18,1
Rizal,2020-03-19,2
Rizal,2020-03-20,0
Rizal,2020-03-21,3
Rizal,2020-03-22,7
Rizal,2020-03-23,4
Rizal,2020-03-24,4
Rizal,2020-03-25,9
Rizal,2020-03-26,4
Rizal,2020-03-27,3
Rizal,2020-03-28,15
Rizal,2020-03-29,15
Rizal,2020-03-30,13
Rizal,2020-03-31,22
Rizal,2020-04-01,12
Rizal,2020-04-02,17
Rizal,2020-04-03,22
Rizal,2020-04-04,5
Rizal,2020-04-05,12
Rizal,2020-04-06,24
Rizal,2020-04-07,3
Rizal,2020-04-08,7
Rizal,2020-04-09,6
Rizal,2020-04-10,10
Rizal,2020-04-11,16
Rizal,2020-04-12,23
Rizal,2020-04-13,12
Rizal,2020-04-14,28
Rizal,2020-04-15,11
Rizal,2020-04-16,8
Rizal,2020-04-17,4
Rizal,2020-04-18,3
Rizal,2020-04-19,4
Rizal,2020-04-20,5
Rizal,2020-04-21,3
Rizal,2020-04-22,2
Rizal,2020-04-23,7
Rizal,2020-04-24,6
Rizal,2020-04-25,1
Rizal,2020-04-26,11
Rizal,2020-04-27,5
Rizal,2020-04-28,5
Rizal,2020-04-29,6
Rizal,2020-04-30,3
Rizal,2020-05-01,5
Rizal,2020-05-02,1
Rizal,2020-05-03,1
Rizal,2020-05-04,0
Rizal,2020-05-05,1
Rizal,2020-05-06,0
Rizal,2020-05-07,1
Rizal,2020-05-08,1
Rizal,2020-05-09,2
Rizal,2020-05-10,0
Rizal,2020-05-11,0
Rizal,2020-05-12,3
Rizal,2020-05-13,4
Rizal,2020-05-14,2
Rizal,2020-05-15,4
Romblon,2020-03-29,1
Romblon,2020-03-30,0
Romblon,2020-03-31,0
Romblon,2020-04-01,0
Romblon,2020-04-02,0
Romblon,2020-04-03,0
Romblon,2020-04-04,0
Romblon,2020-04-05,0
Romblon,2020-04-06,0
Romblon,2020-04-07,0
Romblon,2020-04-08,0
Romblon,2020-04-09,0
Romblon,2020-04-10,0
Romblon,2020-04-11,0
Romblon,2020-04-12,0
Romblon,2020-04-13,0
Romblon,2020-04-14,0
Romblon,2020-04-15,0
Romblon,2020-04-16,0
Romblon,2020-04-17,0
Romblon,2020-04-18,0
Romblon,2020-04-19,0
Romblon,2020-04-20,0
Romblon,2020-04-21,0
Romblon,2020-04-22,0
Romblon,2020-04-23,0
Romblon,2020-04-24,0
Romblon,2020-04-25,0
Romblon,2020-04-26,0
Romblon,2020-04-27,0
Romblon,2020-04-28,0
Romblon,2020-04-29,0
Romblon,2020-04-30,0
Romblon,2020-05-01,0
Romblon,2020-05-02,0
Romblon,2020-05-03,0
Romblon,2020-05-04,0
Romblon,2020-05-05,0
Romblon,2020-05-06,0
Romblon,2020-05-07,0
Romblon,2020-05-08,0
Romblon,2020-05-09,0
Romblon,2020-05-10,0
Romblon,2020-05-11,0
Romblon,2020-05-12,1
Samar,2020-04-03,1
Samar,2020-04-04,0
Samar,2020-04-05,0
Samar,2020-04-06,0
Samar,2020-04-07,2
Samar,2020-04-08,0
Samar,2020-04-09,0
Samar,2020-04-10,0
Samar,2020-04-11,0
Samar,2020-04-12,0
Samar,2020-04-13,0
Samar,2020-04-14,0
Samar,2020-04-15,0
Samar,2020-04-16,0
Samar,2020-04-17,0
Samar,2020-04-18,0
Samar,2020-04-19,0
Samar,2020-04-20,0
Samar,2020-04-21,1
Samar,2020-04-22,0
Samar,2020-04-23,0
Samar,2020-04-24,0
Samar,2020-04-25,0
Samar,2020-04-26,0
Samar,2020-04-27,0
Samar,2020-04-28,6
Samar,2020-04-29,0
Samar,2020-04-30,0
Samar,2020-05-01,0
Samar,2020-05-02,0
Samar,2020-05-03,0
Samar,2020-05-04,1
Samar,2020-05-05,0
Samar,2020-05-06,0
Samar,2020-05-07,0
Samar,2020-05-08,0
Samar,2020-05-09,0
Samar,2020-05-10,5
Samar,2020-05-11,0
Samar,2020-05-12,0
Samar,2020-05-13,0
Samar,2020-05-14,1
Samar,2020-05-15,4
South Cotabato,2020-04-01,1
South Cotabato,2020-04-02,0
South Cotabato,2020-04-03,0
South Cotabato,2020-04-04,0
South Cotabato,2020-04-05,0
South Cotabato,2020-04-06,1
South Cotabato,2020-04-07,1
South Cotabato,2020-04-08,1
Sultan Kudarat,2020-03-25,1
Sultan Kudarat,2020-03-26,0
Sultan Kudarat,2020-03-27,0
Sultan Kudarat,2020-03-28,0
Sultan Kudarat,2020-03-29,0
Sultan Kudarat,2020-03-30,0
Sultan Kudarat,2020-03-31,0
Sultan Kudarat,2020-04-01,1
Sultan Kudarat,2020-04-02,0
Sultan Kudarat,2020-04-03,0
Sultan Kudarat,2020-04-04,0
Sultan Kudarat,2020-04-05,0
Sultan Kudarat,2020-04-06,1
Sulu,2020-05-01,1
Tarlac,2020-03-26,2
Tarlac,2020-03-27,0
Tarlac,2020-03-28,1
Tarlac,2020-03-29,4
Tarlac,2020-03-30,1
Tarlac,2020-03-31,1
Tarlac,2020-04-01,0
Tarlac,2020-04-02,2
Tarlac,2020-04-03,8
Tarlac,2020-04-04,1
Tarlac,2020-04-05,1
Tarlac,2020-04-06,0
Tarlac,2020-04-07,1
Tarlac,2020-04-08,0
Tarlac,2020-04-09,0
Tarlac,2020-04-10,0
Tarlac,2020-04-11,0
Tarlac,2020-04-12,1
Tarlac,2020-04-13,1
Tarlac,2020-04-14,0
Tarlac,2020-04-15,0
Tarlac,2020-04-16,2
Tarlac,2020-04-17,2
Tarlac,2020-04-18,0
Tarlac,2020-04-19,1
Tarlac,2020-04-20,0
Tarlac,2020-04-21,0
Tarlac,2020-04-22,0
Tarlac,2020-04-23,0
Tarlac,2020-04-24,1
Zambales,2020-03-26,1
Zambales,2020-03-27,0
Zambales,2020-03-28,2
Zambales,2020-03-29,1
Zambales,2020-03-30,2
Zambales,2020-03-31,0
Zambales,2020-04-01,0
Zambales,2020-04-02,0
Zambales,2020-04-03,0
Zambales,2020-04-04,0
Zambales,2020-04-05,3
Zambales,2020-04-06,3
Zambales,2020-04-07,0
Zambales,2020-04-08,0
Zambales,2020-04-09,1
Zambales,2020-04-10,0
Zambales,2020-04-11,2
Zambales,2020-04-12,0
Zambales,2020-04-13,2
Zambales,2020-04-14,2
Zambales,2020-04-15,0
Zambales,2020-04-16,1
Zambales,2020-04-17,0
Zambales,2020-04-18,1
Zambales,2020-04-19,4
Zambales,2020-04-20,0
Zambales,2020-04-21,0
Zambales,2020-04-22,0
Zambales,2020-04-23,0
Zambales,2020-04-24,0
Zambales,2020-04-25,0
Zambales,2020-04-26,0
Zambales,2020-04-27,0
Zambales,2020-04-28,0
Zambales,2020-04-29,0
Zambales,2020-04-30,0
Zambales,2020-05-01,0
Zambales,2020-05-02,0
Zambales,2020-05-03,0
Zambales,2020-05-04,0
Zambales,2020-05-05,0
Zambales,2020-05-06,0
Zambales,2020-05-07,1
Zamboanga del Sur,2020-03-25,1
Zamboanga del Sur,2020-03-26,0
Zamboanga del Sur,2020-03-27,1
Zamboanga del Sur,2020-03-28,0
Zamboanga del Sur,2020-03-29,0
Zamboanga del Sur,2020-03-30,0
Zamboanga del Sur,2020-03-31,2
Zamboanga del Sur,2020-04-01,0
Zamboanga del Sur,2020-04-02,1
Zamboanga del Sur,2020-04-03,2
Zamboanga del Sur,2020-04-04,0
Zamboanga del Sur,2020-04-05,0
Zamboanga del Sur,2020-04-06,1
Zamboanga del Sur,2020-04-07,1
Zamboanga del Sur,2020-04-08,0
Zamboanga del Sur,2020-04-09,0
Zamboanga del Sur,2020-04-10,0
Zamboanga del Sur,2020-04-11,0
Zamboanga del Sur,2020-04-12,0
Zamboanga del Sur,2020-04-13,1
Zamboanga del Sur,2020-04-14,1
Zamboanga del Sur,2020-04-15,0
Zamboanga del Sur,2020-04-16,0
Zamboanga del Sur,2020-04-17,0
Zamboanga del Sur,2020-04-18,0
Zamboanga del Sur,2020-04-19,0
Zamboanga del Sur,2020-04-20,0
Zamboanga del Sur,2020-04-21,0
Zamboanga del Sur,2020-04-22,0
Zamboanga del Sur,2020-04-23,0
Zamboanga del Sur,2020-04-24,0
Zamboanga del Sur,2020-04-25,0
Zamboanga del Sur,2020-04-26,0
Zamboanga del Sur,2020-04-27,1
Zamboanga del Sur,2020-04-28,0
Zamboanga del Sur,2020-04-29,1
Zamboanga del Sur,2020-04-30,0
Zamboanga del Sur,2020-05-01,0
Zamboanga del Sur,2020-05-02,0
Zamboanga del Sur,2020-05-03,23
Zamboanga del Sur,2020-05-04,11
Zamboanga del Sur,2020-05-05,0
Zamboanga del Sur,2020-05-06,0
Zamboanga del Sur,2020-05-07,1
Zamboanga del Sur,2020-05-08,0
Zamboanga del Sur,2020-05-09,0
Zamboanga del Sur,2020-05-10,0
Zamboanga del Sur,2020-05-11,1
Zamboanga del Sur,2020-05-12,0
Zamboanga del Sur,2020-05-13,24
Zamboanga del Sur,2020-05-14,12
Zamboanga del Sur,2020-05-15,16
